cell,status
gamma_weak__noise_low__T_80__density_sparse__seed_001,skipped
gamma_weak__noise_low__T_80__density_sparse__seed_002,skipped
gamma_weak__noise_low__T_80__density_sparse__seed_003,skipped
gamma_weak__noise_low__T_80__density_sparse__seed_004,skipped
gamma_weak__noise_low__T_80__density_sparse__seed_005,skipped
gamma_weak__noise_low__T_80__density_sparse__seed_006,skipped
gamma_weak__noise_low__T_80__density_sparse__seed_007,skipped
gamma_weak__noise_low__T_80__density_sparse__seed_008,skipped
gamma_weak__noise_low__T_80__density_sparse__seed_009,skipped
gamma_weak__noise_low__T_80__density_sparse__seed_010,skipped
gamma_weak__noise_low__T_80__density_sparse__seed_011,skipped
gamma_weak__noise_low__T_80__density_sparse__seed_012,skipped
gamma_weak__noise_low__T_80__density_sparse__seed_013,skipped
gamma_weak__noise_low__T_80__density_sparse__seed_014,skipped
gamma_weak__noise_low__T_80__density_sparse__seed_015,skipped
gamma_weak__noise_low__T_80__density_medium__seed_001,skipped
gamma_weak__noise_low__T_80__density_medium__seed_002,skipped
gamma_weak__noise_low__T_80__density_medium__seed_003,skipped
gamma_weak__noise_low__T_80__density_medium__seed_004,skipped
gamma_weak__noise_low__T_80__density_medium__seed_005,skipped
gamma_weak__noise_low__T_80__density_medium__seed_006,skipped
gamma_weak__noise_low__T_80__density_medium__seed_007,skipped
gamma_weak__noise_low__T_80__density_medium__seed_008,skipped
gamma_weak__noise_low__T_80__density_medium__seed_009,skipped
gamma_weak__noise_low__T_80__density_medium__seed_010,skipped
gamma_weak__noise_low__T_80__density_medium__seed_011,skipped
gamma_weak__noise_low__T_80__density_medium__seed_012,skipped
gamma_weak__noise_low__T_80__density_medium__seed_013,skipped
gamma_weak__noise_low__T_80__density_medium__seed_014,skipped
gamma_weak__noise_low__T_80__density_medium__seed_015,skipped
gamma_weak__noise_low__T_80__density_dense__seed_001,skipped
gamma_weak__noise_low__T_80__density_dense__seed_002,skipped
gamma_weak__noise_low__T_80__density_dense__seed_003,skipped
gamma_weak__noise_low__T_80__density_dense__seed_004,skipped
gamma_weak__noise_low__T_80__density_dense__seed_005,skipped
gamma_weak__noise_low__T_80__density_dense__seed_006,skipped
gamma_weak__noise_low__T_80__density_dense__seed_007,skipped
gamma_weak__noise_low__T_80__density_dense__seed_008,skipped
gamma_weak__noise_low__T_80__density_dense__seed_009,skipped
gamma_weak__noise_low__T_80__density_dense__seed_010,skipped
gamma_weak__noise_low__T_80__density_dense__seed_011,skipped
gamma_weak__noise_low__T_80__density_dense__seed_012,skipped
gamma_weak__noise_low__T_80__density_dense__seed_013,skipped
gamma_weak__noise_low__T_80__density_dense__seed_014,skipped
gamma_weak__noise_low__T_80__density_dense__seed_015,skipped
gamma_weak__noise_low__T_156__density_sparse__seed_001,skipped
gamma_weak__noise_low__T_156__density_sparse__seed_002,skipped
gamma_weak__noise_low__T_156__density_sparse__seed_003,skipped
gamma_weak__noise_low__T_156__density_sparse__seed_004,skipped
gamma_weak__noise_low__T_156__density_sparse__seed_005,skipped
gamma_weak__noise_low__T_156__density_sparse__seed_006,skipped
gamma_weak__noise_low__T_156__density_sparse__seed_007,skipped
gamma_weak__noise_low__T_156__density_sparse__seed_008,skipped
gamma_weak__noise_low__T_156__density_sparse__seed_009,skipped
gamma_weak__noise_low__T_156__density_sparse__seed_010,skipped
gamma_weak__noise_low__T_156__density_sparse__seed_011,skipped
gamma_weak__noise_low__T_156__density_sparse__seed_012,skipped
gamma_weak__noise_low__T_156__density_sparse__seed_013,skipped
gamma_weak__noise_low__T_156__density_sparse__seed_014,skipped
gamma_weak__noise_low__T_156__density_sparse__seed_015,skipped
gamma_weak__noise_low__T_156__density_medium__seed_001,skipped
gamma_weak__noise_low__T_156__density_medium__seed_002,skipped
gamma_weak__noise_low__T_156__density_medium__seed_003,skipped
gamma_weak__noise_low__T_156__density_medium__seed_004,skipped
gamma_weak__noise_low__T_156__density_medium__seed_005,skipped
gamma_weak__noise_low__T_156__density_medium__seed_006,skipped
gamma_weak__noise_low__T_156__density_medium__seed_007,skipped
gamma_weak__noise_low__T_156__density_medium__seed_008,skipped
gamma_weak__noise_low__T_156__density_medium__seed_009,skipped
gamma_weak__noise_low__T_156__density_medium__seed_010,skipped
gamma_weak__noise_low__T_156__density_medium__seed_011,skipped
gamma_weak__noise_low__T_156__density_medium__seed_012,skipped
gamma_weak__noise_low__T_156__density_medium__seed_013,skipped
gamma_weak__noise_low__T_156__density_medium__seed_014,skipped
gamma_weak__noise_low__T_156__density_medium__seed_015,skipped
gamma_weak__noise_low__T_156__density_dense__seed_001,skipped
gamma_weak__noise_low__T_156__density_dense__seed_002,skipped
gamma_weak__noise_low__T_156__density_dense__seed_003,skipped
gamma_weak__noise_low__T_156__density_dense__seed_004,skipped
gamma_weak__noise_low__T_156__density_dense__seed_005,skipped
gamma_weak__noise_low__T_156__density_dense__seed_006,skipped
gamma_weak__noise_low__T_156__density_dense__seed_007,skipped
gamma_weak__noise_low__T_156__density_dense__seed_008,skipped
gamma_weak__noise_low__T_156__density_dense__seed_009,skipped
gamma_weak__noise_low__T_156__density_dense__seed_010,skipped
gamma_weak__noise_low__T_156__density_dense__seed_011,skipped
gamma_weak__noise_low__T_156__density_dense__seed_012,skipped
gamma_weak__noise_low__T_156__density_dense__seed_013,skipped
gamma_weak__noise_low__T_156__density_dense__seed_014,skipped
gamma_weak__noise_low__T_156__density_dense__seed_015,skipped
gamma_weak__noise_low__T_300__density_sparse__seed_001,skipped
gamma_weak__noise_low__T_300__density_sparse__seed_002,skipped
gamma_weak__noise_low__T_300__density_sparse__seed_003,skipped
gamma_weak__noise_low__T_300__density_sparse__seed_004,skipped
gamma_weak__noise_low__T_300__density_sparse__seed_005,skipped
gamma_weak__noise_low__T_300__density_sparse__seed_006,skipped
gamma_weak__noise_low__T_300__density_sparse__seed_007,skipped
gamma_weak__noise_low__T_300__density_sparse__seed_008,skipped
gamma_weak__noise_low__T_300__density_sparse__seed_009,skipped
gamma_weak__noise_low__T_300__density_sparse__seed_010,skipped
gamma_weak__noise_low__T_300__density_sparse__seed_011,skipped
gamma_weak__noise_low__T_300__density_sparse__seed_012,skipped
gamma_weak__noise_low__T_300__density_sparse__seed_013,skipped
gamma_weak__noise_low__T_300__density_sparse__seed_014,skipped
gamma_weak__noise_low__T_300__density_sparse__seed_015,skipped
gamma_weak__noise_low__T_300__density_medium__seed_001,skipped
gamma_weak__noise_low__T_300__density_medium__seed_002,skipped
gamma_weak__noise_low__T_300__density_medium__seed_003,skipped
gamma_weak__noise_low__T_300__density_medium__seed_004,skipped
gamma_weak__noise_low__T_300__density_medium__seed_005,skipped
gamma_weak__noise_low__T_300__density_medium__seed_006,skipped
gamma_weak__noise_low__T_300__density_medium__seed_007,skipped
gamma_weak__noise_low__T_300__density_medium__seed_008,skipped
gamma_weak__noise_low__T_300__density_medium__seed_009,skipped
gamma_weak__noise_low__T_300__density_medium__seed_010,skipped
gamma_weak__noise_low__T_300__density_medium__seed_011,skipped
gamma_weak__noise_low__T_300__density_medium__seed_012,skipped
gamma_weak__noise_low__T_300__density_medium__seed_013,skipped
gamma_weak__noise_low__T_300__density_medium__seed_014,skipped
gamma_weak__noise_low__T_300__density_medium__seed_015,skipped
gamma_weak__noise_low__T_300__density_dense__seed_001,skipped
gamma_weak__noise_low__T_300__density_dense__seed_002,skipped
gamma_weak__noise_low__T_300__density_dense__seed_003,skipped
gamma_weak__noise_low__T_300__density_dense__seed_004,skipped
gamma_weak__noise_low__T_300__density_dense__seed_005,skipped
gamma_weak__noise_low__T_300__density_dense__seed_006,skipped
gamma_weak__noise_low__T_300__density_dense__seed_007,skipped
gamma_weak__noise_low__T_300__density_dense__seed_008,skipped
gamma_weak__noise_low__T_300__density_dense__seed_009,skipped
gamma_weak__noise_low__T_300__density_dense__seed_010,skipped
gamma_weak__noise_low__T_300__density_dense__seed_011,skipped
gamma_weak__noise_low__T_300__density_dense__seed_012,skipped
gamma_weak__noise_low__T_300__density_dense__seed_013,skipped
gamma_weak__noise_low__T_300__density_dense__seed_014,skipped
gamma_weak__noise_low__T_300__density_dense__seed_015,skipped
gamma_weak__noise_medium__T_80__density_sparse__seed_001,skipped
gamma_weak__noise_medium__T_80__density_sparse__seed_002,skipped
gamma_weak__noise_medium__T_80__density_sparse__seed_003,skipped
gamma_weak__noise_medium__T_80__density_sparse__seed_004,skipped
gamma_weak__noise_medium__T_80__density_sparse__seed_005,skipped
gamma_weak__noise_medium__T_80__density_sparse__seed_006,skipped
gamma_weak__noise_medium__T_80__density_sparse__seed_007,skipped
gamma_weak__noise_medium__T_80__density_sparse__seed_008,skipped
gamma_weak__noise_medium__T_80__density_sparse__seed_009,skipped
gamma_weak__noise_medium__T_80__density_sparse__seed_010,skipped
gamma_weak__noise_medium__T_80__density_sparse__seed_011,skipped
gamma_weak__noise_medium__T_80__density_sparse__seed_012,skipped
gamma_weak__noise_medium__T_80__density_sparse__seed_013,skipped
gamma_weak__noise_medium__T_80__density_sparse__seed_014,skipped
gamma_weak__noise_medium__T_80__density_sparse__seed_015,skipped
gamma_weak__noise_medium__T_80__density_medium__seed_001,skipped
gamma_weak__noise_medium__T_80__density_medium__seed_002,skipped
gamma_weak__noise_medium__T_80__density_medium__seed_003,skipped
gamma_weak__noise_medium__T_80__density_medium__seed_004,skipped
gamma_weak__noise_medium__T_80__density_medium__seed_005,skipped
gamma_weak__noise_medium__T_80__density_medium__seed_006,skipped
gamma_weak__noise_medium__T_80__density_medium__seed_007,skipped
gamma_weak__noise_medium__T_80__density_medium__seed_008,skipped
gamma_weak__noise_medium__T_80__density_medium__seed_009,skipped
gamma_weak__noise_medium__T_80__density_medium__seed_010,skipped
gamma_weak__noise_medium__T_80__density_medium__seed_011,skipped
gamma_weak__noise_medium__T_80__density_medium__seed_012,skipped
gamma_weak__noise_medium__T_80__density_medium__seed_013,skipped
gamma_weak__noise_medium__T_80__density_medium__seed_014,skipped
gamma_weak__noise_medium__T_80__density_medium__seed_015,skipped
gamma_weak__noise_medium__T_80__density_dense__seed_001,skipped
gamma_weak__noise_medium__T_80__density_dense__seed_002,skipped
gamma_weak__noise_medium__T_80__density_dense__seed_003,skipped
gamma_weak__noise_medium__T_80__density_dense__seed_004,skipped
gamma_weak__noise_medium__T_80__density_dense__seed_005,skipped
gamma_weak__noise_medium__T_80__density_dense__seed_006,skipped
gamma_weak__noise_medium__T_80__density_dense__seed_007,skipped
gamma_weak__noise_medium__T_80__density_dense__seed_008,skipped
gamma_weak__noise_medium__T_80__density_dense__seed_009,skipped
gamma_weak__noise_medium__T_80__density_dense__seed_010,skipped
gamma_weak__noise_medium__T_80__density_dense__seed_011,skipped
gamma_weak__noise_medium__T_80__density_dense__seed_012,skipped
gamma_weak__noise_medium__T_80__density_dense__seed_013,skipped
gamma_weak__noise_medium__T_80__density_dense__seed_014,skipped
gamma_weak__noise_medium__T_80__density_dense__seed_015,skipped
gamma_weak__noise_medium__T_156__density_sparse__seed_001,skipped
gamma_weak__noise_medium__T_156__density_sparse__seed_002,skipped
gamma_weak__noise_medium__T_156__density_sparse__seed_003,skipped
gamma_weak__noise_medium__T_156__density_sparse__seed_004,skipped
gamma_weak__noise_medium__T_156__density_sparse__seed_005,skipped
gamma_weak__noise_medium__T_156__density_sparse__seed_006,skipped
gamma_weak__noise_medium__T_156__density_sparse__seed_007,skipped
gamma_weak__noise_medium__T_156__density_sparse__seed_008,skipped
gamma_weak__noise_medium__T_156__density_sparse__seed_009,skipped
gamma_weak__noise_medium__T_156__density_sparse__seed_010,skipped
gamma_weak__noise_medium__T_156__density_sparse__seed_011,skipped
gamma_weak__noise_medium__T_156__density_sparse__seed_012,skipped
gamma_weak__noise_medium__T_156__density_sparse__seed_013,skipped
gamma_weak__noise_medium__T_156__density_sparse__seed_014,skipped
gamma_weak__noise_medium__T_156__density_sparse__seed_015,skipped
gamma_weak__noise_medium__T_156__density_medium__seed_001,skipped
gamma_weak__noise_medium__T_156__density_medium__seed_002,skipped
gamma_weak__noise_medium__T_156__density_medium__seed_003,skipped
gamma_weak__noise_medium__T_156__density_medium__seed_004,skipped
gamma_weak__noise_medium__T_156__density_medium__seed_005,skipped
gamma_weak__noise_medium__T_156__density_medium__seed_006,skipped
gamma_weak__noise_medium__T_156__density_medium__seed_007,skipped
gamma_weak__noise_medium__T_156__density_medium__seed_008,skipped
gamma_weak__noise_medium__T_156__density_medium__seed_009,skipped
gamma_weak__noise_medium__T_156__density_medium__seed_010,skipped
gamma_weak__noise_medium__T_156__density_medium__seed_011,skipped
gamma_weak__noise_medium__T_156__density_medium__seed_012,skipped
gamma_weak__noise_medium__T_156__density_medium__seed_013,skipped
gamma_weak__noise_medium__T_156__density_medium__seed_014,skipped
gamma_weak__noise_medium__T_156__density_medium__seed_015,skipped
gamma_weak__noise_medium__T_156__density_dense__seed_001,skipped
gamma_weak__noise_medium__T_156__density_dense__seed_002,skipped
gamma_weak__noise_medium__T_156__density_dense__seed_003,skipped
gamma_weak__noise_medium__T_156__density_dense__seed_004,skipped
gamma_weak__noise_medium__T_156__density_dense__seed_005,skipped
gamma_weak__noise_medium__T_156__density_dense__seed_006,skipped
gamma_weak__noise_medium__T_156__density_dense__seed_007,skipped
gamma_weak__noise_medium__T_156__density_dense__seed_008,skipped
gamma_weak__noise_medium__T_156__density_dense__seed_009,skipped
gamma_weak__noise_medium__T_156__density_dense__seed_010,skipped
gamma_weak__noise_medium__T_156__density_dense__seed_011,skipped
gamma_weak__noise_medium__T_156__density_dense__seed_012,skipped
gamma_weak__noise_medium__T_156__density_dense__seed_013,skipped
gamma_weak__noise_medium__T_156__density_dense__seed_014,skipped
gamma_weak__noise_medium__T_156__density_dense__seed_015,skipped
gamma_weak__noise_medium__T_300__density_sparse__seed_001,skipped
gamma_weak__noise_medium__T_300__density_sparse__seed_002,skipped
gamma_weak__noise_medium__T_300__density_sparse__seed_003,skipped
gamma_weak__noise_medium__T_300__density_sparse__seed_004,skipped
gamma_weak__noise_medium__T_300__density_sparse__seed_005,skipped
gamma_weak__noise_medium__T_300__density_sparse__seed_006,skipped
gamma_weak__noise_medium__T_300__density_sparse__seed_007,skipped
gamma_weak__noise_medium__T_300__density_sparse__seed_008,skipped
gamma_weak__noise_medium__T_300__density_sparse__seed_009,skipped
gamma_weak__noise_medium__T_300__density_sparse__seed_010,skipped
gamma_weak__noise_medium__T_300__density_sparse__seed_011,skipped
gamma_weak__noise_medium__T_300__density_sparse__seed_012,skipped
gamma_weak__noise_medium__T_300__density_sparse__seed_013,skipped
gamma_weak__noise_medium__T_300__density_sparse__seed_014,skipped
gamma_weak__noise_medium__T_300__density_sparse__seed_015,skipped
gamma_weak__noise_medium__T_300__density_medium__seed_001,skipped
gamma_weak__noise_medium__T_300__density_medium__seed_002,skipped
gamma_weak__noise_medium__T_300__density_medium__seed_003,skipped
gamma_weak__noise_medium__T_300__density_medium__seed_004,skipped
gamma_weak__noise_medium__T_300__density_medium__seed_005,skipped
gamma_weak__noise_medium__T_300__density_medium__seed_006,skipped
gamma_weak__noise_medium__T_300__density_medium__seed_007,skipped
gamma_weak__noise_medium__T_300__density_medium__seed_008,skipped
gamma_weak__noise_medium__T_300__density_medium__seed_009,skipped
gamma_weak__noise_medium__T_300__density_medium__seed_010,skipped
gamma_weak__noise_medium__T_300__density_medium__seed_011,skipped
gamma_weak__noise_medium__T_300__density_medium__seed_012,skipped
gamma_weak__noise_medium__T_300__density_medium__seed_013,skipped
gamma_weak__noise_medium__T_300__density_medium__seed_014,skipped
gamma_weak__noise_medium__T_300__density_medium__seed_015,skipped
gamma_weak__noise_medium__T_300__density_dense__seed_001,skipped
gamma_weak__noise_medium__T_300__density_dense__seed_002,skipped
gamma_weak__noise_medium__T_300__density_dense__seed_003,skipped
gamma_weak__noise_medium__T_300__density_dense__seed_004,skipped
gamma_weak__noise_medium__T_300__density_dense__seed_005,skipped
gamma_weak__noise_medium__T_300__density_dense__seed_006,skipped
gamma_weak__noise_medium__T_300__density_dense__seed_007,skipped
gamma_weak__noise_medium__T_300__density_dense__seed_008,skipped
gamma_weak__noise_medium__T_300__density_dense__seed_009,skipped
gamma_weak__noise_medium__T_300__density_dense__seed_010,skipped
gamma_weak__noise_medium__T_300__density_dense__seed_011,skipped
gamma_weak__noise_medium__T_300__density_dense__seed_012,skipped
gamma_weak__noise_medium__T_300__density_dense__seed_013,skipped
gamma_weak__noise_medium__T_300__density_dense__seed_014,skipped
gamma_weak__noise_medium__T_300__density_dense__seed_015,skipped
gamma_weak__noise_high__T_80__density_sparse__seed_001,skipped
gamma_weak__noise_high__T_80__density_sparse__seed_002,skipped
gamma_weak__noise_high__T_80__density_sparse__seed_003,skipped
gamma_weak__noise_high__T_80__density_sparse__seed_004,skipped
gamma_weak__noise_high__T_80__density_sparse__seed_005,skipped
gamma_weak__noise_high__T_80__density_sparse__seed_006,skipped
gamma_weak__noise_high__T_80__density_sparse__seed_007,skipped
gamma_weak__noise_high__T_80__density_sparse__seed_008,skipped
gamma_weak__noise_high__T_80__density_sparse__seed_009,skipped
gamma_weak__noise_high__T_80__density_sparse__seed_010,skipped
gamma_weak__noise_high__T_80__density_sparse__seed_011,skipped
gamma_weak__noise_high__T_80__density_sparse__seed_012,skipped
gamma_weak__noise_high__T_80__density_sparse__seed_013,skipped
gamma_weak__noise_high__T_80__density_sparse__seed_014,skipped
gamma_weak__noise_high__T_80__density_sparse__seed_015,skipped
gamma_weak__noise_high__T_80__density_medium__seed_001,skipped
gamma_weak__noise_high__T_80__density_medium__seed_002,skipped
gamma_weak__noise_high__T_80__density_medium__seed_003,skipped
gamma_weak__noise_high__T_80__density_medium__seed_004,skipped
gamma_weak__noise_high__T_80__density_medium__seed_005,skipped
gamma_weak__noise_high__T_80__density_medium__seed_006,skipped
gamma_weak__noise_high__T_80__density_medium__seed_007,skipped
gamma_weak__noise_high__T_80__density_medium__seed_008,skipped
gamma_weak__noise_high__T_80__density_medium__seed_009,skipped
gamma_weak__noise_high__T_80__density_medium__seed_010,skipped
gamma_weak__noise_high__T_80__density_medium__seed_011,skipped
gamma_weak__noise_high__T_80__density_medium__seed_012,skipped
gamma_weak__noise_high__T_80__density_medium__seed_013,skipped
gamma_weak__noise_high__T_80__density_medium__seed_014,skipped
gamma_weak__noise_high__T_80__density_medium__seed_015,skipped
gamma_weak__noise_high__T_80__density_dense__seed_001,skipped
gamma_weak__noise_high__T_80__density_dense__seed_002,skipped
gamma_weak__noise_high__T_80__density_dense__seed_003,skipped
gamma_weak__noise_high__T_80__density_dense__seed_004,skipped
gamma_weak__noise_high__T_80__density_dense__seed_005,skipped
gamma_weak__noise_high__T_80__density_dense__seed_006,skipped
gamma_weak__noise_high__T_80__density_dense__seed_007,skipped
gamma_weak__noise_high__T_80__density_dense__seed_008,skipped
gamma_weak__noise_high__T_80__density_dense__seed_009,skipped
gamma_weak__noise_high__T_80__density_dense__seed_010,skipped
gamma_weak__noise_high__T_80__density_dense__seed_011,skipped
gamma_weak__noise_high__T_80__density_dense__seed_012,skipped
gamma_weak__noise_high__T_80__density_dense__seed_013,skipped
gamma_weak__noise_high__T_80__density_dense__seed_014,skipped
gamma_weak__noise_high__T_80__density_dense__seed_015,skipped
gamma_weak__noise_high__T_156__density_sparse__seed_001,skipped
gamma_weak__noise_high__T_156__density_sparse__seed_002,skipped
gamma_weak__noise_high__T_156__density_sparse__seed_003,skipped
gamma_weak__noise_high__T_156__density_sparse__seed_004,skipped
gamma_weak__noise_high__T_156__density_sparse__seed_005,skipped
gamma_weak__noise_high__T_156__density_sparse__seed_006,skipped
gamma_weak__noise_high__T_156__density_sparse__seed_007,skipped
gamma_weak__noise_high__T_156__density_sparse__seed_008,skipped
gamma_weak__noise_high__T_156__density_sparse__seed_009,skipped
gamma_weak__noise_high__T_156__density_sparse__seed_010,skipped
gamma_weak__noise_high__T_156__density_sparse__seed_011,skipped
gamma_weak__noise_high__T_156__density_sparse__seed_012,skipped
gamma_weak__noise_high__T_156__density_sparse__seed_013,skipped
gamma_weak__noise_high__T_156__density_sparse__seed_014,skipped
gamma_weak__noise_high__T_156__density_sparse__seed_015,skipped
gamma_weak__noise_high__T_156__density_medium__seed_001,skipped
gamma_weak__noise_high__T_156__density_medium__seed_002,skipped
gamma_weak__noise_high__T_156__density_medium__seed_003,skipped
gamma_weak__noise_high__T_156__density_medium__seed_004,skipped
gamma_weak__noise_high__T_156__density_medium__seed_005,skipped
gamma_weak__noise_high__T_156__density_medium__seed_006,skipped
gamma_weak__noise_high__T_156__density_medium__seed_007,skipped
gamma_weak__noise_high__T_156__density_medium__seed_008,skipped
gamma_weak__noise_high__T_156__density_medium__seed_009,skipped
gamma_weak__noise_high__T_156__density_medium__seed_010,skipped
gamma_weak__noise_high__T_156__density_medium__seed_011,skipped
gamma_weak__noise_high__T_156__density_medium__seed_012,skipped
gamma_weak__noise_high__T_156__density_medium__seed_013,skipped
gamma_weak__noise_high__T_156__density_medium__seed_014,skipped
gamma_weak__noise_high__T_156__density_medium__seed_015,skipped
gamma_weak__noise_high__T_156__density_dense__seed_001,skipped
gamma_weak__noise_high__T_156__density_dense__seed_002,skipped
gamma_weak__noise_high__T_156__density_dense__seed_003,skipped
gamma_weak__noise_high__T_156__density_dense__seed_004,skipped
gamma_weak__noise_high__T_156__density_dense__seed_005,skipped
gamma_weak__noise_high__T_156__density_dense__seed_006,skipped
gamma_weak__noise_high__T_156__density_dense__seed_007,skipped
gamma_weak__noise_high__T_156__density_dense__seed_008,skipped
gamma_weak__noise_high__T_156__density_dense__seed_009,skipped
gamma_weak__noise_high__T_156__density_dense__seed_010,skipped
gamma_weak__noise_high__T_156__density_dense__seed_011,skipped
gamma_weak__noise_high__T_156__density_dense__seed_012,skipped
gamma_weak__noise_high__T_156__density_dense__seed_013,skipped
gamma_weak__noise_high__T_156__density_dense__seed_014,skipped
gamma_weak__noise_high__T_156__density_dense__seed_015,skipped
gamma_weak__noise_high__T_300__density_sparse__seed_001,skipped
gamma_weak__noise_high__T_300__density_sparse__seed_002,skipped
gamma_weak__noise_high__T_300__density_sparse__seed_003,skipped
gamma_weak__noise_high__T_300__density_sparse__seed_004,skipped
gamma_weak__noise_high__T_300__density_sparse__seed_005,skipped
gamma_weak__noise_high__T_300__density_sparse__seed_006,skipped
gamma_weak__noise_high__T_300__density_sparse__seed_007,skipped
gamma_weak__noise_high__T_300__density_sparse__seed_008,skipped
gamma_weak__noise_high__T_300__density_sparse__seed_009,skipped
gamma_weak__noise_high__T_300__density_sparse__seed_010,skipped
gamma_weak__noise_high__T_300__density_sparse__seed_011,skipped
gamma_weak__noise_high__T_300__density_sparse__seed_012,skipped
gamma_weak__noise_high__T_300__density_sparse__seed_013,skipped
gamma_weak__noise_high__T_300__density_sparse__seed_014,skipped
gamma_weak__noise_high__T_300__density_sparse__seed_015,skipped
gamma_weak__noise_high__T_300__density_medium__seed_001,skipped
gamma_weak__noise_high__T_300__density_medium__seed_002,skipped
gamma_weak__noise_high__T_300__density_medium__seed_003,skipped
gamma_weak__noise_high__T_300__density_medium__seed_004,skipped
gamma_weak__noise_high__T_300__density_medium__seed_005,skipped
gamma_weak__noise_high__T_300__density_medium__seed_006,skipped
gamma_weak__noise_high__T_300__density_medium__seed_007,skipped
gamma_weak__noise_high__T_300__density_medium__seed_008,skipped
gamma_weak__noise_high__T_300__density_medium__seed_009,skipped
gamma_weak__noise_high__T_300__density_medium__seed_010,skipped
gamma_weak__noise_high__T_300__density_medium__seed_011,skipped
gamma_weak__noise_high__T_300__density_medium__seed_012,skipped
gamma_weak__noise_high__T_300__density_medium__seed_013,skipped
gamma_weak__noise_high__T_300__density_medium__seed_014,skipped
gamma_weak__noise_high__T_300__density_medium__seed_015,skipped
gamma_weak__noise_high__T_300__density_dense__seed_001,skipped
gamma_weak__noise_high__T_300__density_dense__seed_002,skipped
gamma_weak__noise_high__T_300__density_dense__seed_003,skipped
gamma_weak__noise_high__T_300__density_dense__seed_004,skipped
gamma_weak__noise_high__T_300__density_dense__seed_005,skipped
gamma_weak__noise_high__T_300__density_dense__seed_006,skipped
gamma_weak__noise_high__T_300__density_dense__seed_007,skipped
gamma_weak__noise_high__T_300__density_dense__seed_008,skipped
gamma_weak__noise_high__T_300__density_dense__seed_009,skipped
gamma_weak__noise_high__T_300__density_dense__seed_010,skipped
gamma_weak__noise_high__T_300__density_dense__seed_011,skipped
gamma_weak__noise_high__T_300__density_dense__seed_012,skipped
gamma_weak__noise_high__T_300__density_dense__seed_013,skipped
gamma_weak__noise_high__T_300__density_dense__seed_014,skipped
gamma_weak__noise_high__T_300__density_dense__seed_015,skipped
gamma_medium__noise_low__T_80__density_sparse__seed_001,skipped
gamma_medium__noise_low__T_80__density_sparse__seed_002,skipped
gamma_medium__noise_low__T_80__density_sparse__seed_003,skipped
gamma_medium__noise_low__T_80__density_sparse__seed_004,skipped
gamma_medium__noise_low__T_80__density_sparse__seed_005,skipped
gamma_medium__noise_low__T_80__density_sparse__seed_006,skipped
gamma_medium__noise_low__T_80__density_sparse__seed_007,skipped
gamma_medium__noise_low__T_80__density_sparse__seed_008,skipped
gamma_medium__noise_low__T_80__density_sparse__seed_009,skipped
gamma_medium__noise_low__T_80__density_sparse__seed_010,skipped
gamma_medium__noise_low__T_80__density_sparse__seed_011,skipped
gamma_medium__noise_low__T_80__density_sparse__seed_012,skipped
gamma_medium__noise_low__T_80__density_sparse__seed_013,skipped
gamma_medium__noise_low__T_80__density_sparse__seed_014,skipped
gamma_medium__noise_low__T_80__density_sparse__seed_015,skipped
gamma_medium__noise_low__T_80__density_medium__seed_001,skipped
gamma_medium__noise_low__T_80__density_medium__seed_002,skipped
gamma_medium__noise_low__T_80__density_medium__seed_003,skipped
gamma_medium__noise_low__T_80__density_medium__seed_004,skipped
gamma_medium__noise_low__T_80__density_medium__seed_005,skipped
gamma_medium__noise_low__T_80__density_medium__seed_006,skipped
gamma_medium__noise_low__T_80__density_medium__seed_007,skipped
gamma_medium__noise_low__T_80__density_medium__seed_008,skipped
gamma_medium__noise_low__T_80__density_medium__seed_009,skipped
gamma_medium__noise_low__T_80__density_medium__seed_010,skipped
gamma_medium__noise_low__T_80__density_medium__seed_011,skipped
gamma_medium__noise_low__T_80__density_medium__seed_012,skipped
gamma_medium__noise_low__T_80__density_medium__seed_013,skipped
gamma_medium__noise_low__T_80__density_medium__seed_014,skipped
gamma_medium__noise_low__T_80__density_medium__seed_015,skipped
gamma_medium__noise_low__T_80__density_dense__seed_001,skipped
gamma_medium__noise_low__T_80__density_dense__seed_002,skipped
gamma_medium__noise_low__T_80__density_dense__seed_003,skipped
gamma_medium__noise_low__T_80__density_dense__seed_004,skipped
gamma_medium__noise_low__T_80__density_dense__seed_005,skipped
gamma_medium__noise_low__T_80__density_dense__seed_006,skipped
gamma_medium__noise_low__T_80__density_dense__seed_007,skipped
gamma_medium__noise_low__T_80__density_dense__seed_008,skipped
gamma_medium__noise_low__T_80__density_dense__seed_009,skipped
gamma_medium__noise_low__T_80__density_dense__seed_010,skipped
gamma_medium__noise_low__T_80__density_dense__seed_011,skipped
gamma_medium__noise_low__T_80__density_dense__seed_012,skipped
gamma_medium__noise_low__T_80__density_dense__seed_013,skipped
gamma_medium__noise_low__T_80__density_dense__seed_014,skipped
gamma_medium__noise_low__T_80__density_dense__seed_015,skipped
gamma_medium__noise_low__T_156__density_sparse__seed_001,skipped
gamma_medium__noise_low__T_156__density_sparse__seed_002,skipped
gamma_medium__noise_low__T_156__density_sparse__seed_003,skipped
gamma_medium__noise_low__T_156__density_sparse__seed_004,skipped
gamma_medium__noise_low__T_156__density_sparse__seed_005,skipped
gamma_medium__noise_low__T_156__density_sparse__seed_006,skipped
gamma_medium__noise_low__T_156__density_sparse__seed_007,skipped
gamma_medium__noise_low__T_156__density_sparse__seed_008,skipped
gamma_medium__noise_low__T_156__density_sparse__seed_009,skipped
gamma_medium__noise_low__T_156__density_sparse__seed_010,skipped
gamma_medium__noise_low__T_156__density_sparse__seed_011,skipped
gamma_medium__noise_low__T_156__density_sparse__seed_012,skipped
gamma_medium__noise_low__T_156__density_sparse__seed_013,skipped
gamma_medium__noise_low__T_156__density_sparse__seed_014,skipped
gamma_medium__noise_low__T_156__density_sparse__seed_015,skipped
gamma_medium__noise_low__T_156__density_medium__seed_001,skipped
gamma_medium__noise_low__T_156__density_medium__seed_002,skipped
gamma_medium__noise_low__T_156__density_medium__seed_003,skipped
gamma_medium__noise_low__T_156__density_medium__seed_004,skipped
gamma_medium__noise_low__T_156__density_medium__seed_005,skipped
gamma_medium__noise_low__T_156__density_medium__seed_006,skipped
gamma_medium__noise_low__T_156__density_medium__seed_007,skipped
gamma_medium__noise_low__T_156__density_medium__seed_008,skipped
gamma_medium__noise_low__T_156__density_medium__seed_009,skipped
gamma_medium__noise_low__T_156__density_medium__seed_010,skipped
gamma_medium__noise_low__T_156__density_medium__seed_011,skipped
gamma_medium__noise_low__T_156__density_medium__seed_012,skipped
gamma_medium__noise_low__T_156__density_medium__seed_013,skipped
gamma_medium__noise_low__T_156__density_medium__seed_014,skipped
gamma_medium__noise_low__T_156__density_medium__seed_015,skipped
gamma_medium__noise_low__T_156__density_dense__seed_001,skipped
gamma_medium__noise_low__T_156__density_dense__seed_002,skipped
gamma_medium__noise_low__T_156__density_dense__seed_003,skipped
gamma_medium__noise_low__T_156__density_dense__seed_004,skipped
gamma_medium__noise_low__T_156__density_dense__seed_005,skipped
gamma_medium__noise_low__T_156__density_dense__seed_006,skipped
gamma_medium__noise_low__T_156__density_dense__seed_007,skipped
gamma_medium__noise_low__T_156__density_dense__seed_008,skipped
gamma_medium__noise_low__T_156__density_dense__seed_009,skipped
gamma_medium__noise_low__T_156__density_dense__seed_010,skipped
gamma_medium__noise_low__T_156__density_dense__seed_011,skipped
gamma_medium__noise_low__T_156__density_dense__seed_012,skipped
gamma_medium__noise_low__T_156__density_dense__seed_013,skipped
gamma_medium__noise_low__T_156__density_dense__seed_014,skipped
gamma_medium__noise_low__T_156__density_dense__seed_015,skipped
gamma_medium__noise_low__T_300__density_sparse__seed_001,skipped
gamma_medium__noise_low__T_300__density_sparse__seed_002,skipped
gamma_medium__noise_low__T_300__density_sparse__seed_003,skipped
gamma_medium__noise_low__T_300__density_sparse__seed_004,skipped
gamma_medium__noise_low__T_300__density_sparse__seed_005,skipped
gamma_medium__noise_low__T_300__density_sparse__seed_006,skipped
gamma_medium__noise_low__T_300__density_sparse__seed_007,skipped
gamma_medium__noise_low__T_300__density_sparse__seed_008,skipped
gamma_medium__noise_low__T_300__density_sparse__seed_009,skipped
gamma_medium__noise_low__T_300__density_sparse__seed_010,skipped
gamma_medium__noise_low__T_300__density_sparse__seed_011,skipped
gamma_medium__noise_low__T_300__density_sparse__seed_012,skipped
gamma_medium__noise_low__T_300__density_sparse__seed_013,skipped
gamma_medium__noise_low__T_300__density_sparse__seed_014,skipped
gamma_medium__noise_low__T_300__density_sparse__seed_015,skipped
gamma_medium__noise_low__T_300__density_medium__seed_001,skipped
gamma_medium__noise_low__T_300__density_medium__seed_002,skipped
gamma_medium__noise_low__T_300__density_medium__seed_003,skipped
gamma_medium__noise_low__T_300__density_medium__seed_004,skipped
gamma_medium__noise_low__T_300__density_medium__seed_005,skipped
gamma_medium__noise_low__T_300__density_medium__seed_006,skipped
gamma_medium__noise_low__T_300__density_medium__seed_007,skipped
gamma_medium__noise_low__T_300__density_medium__seed_008,skipped
gamma_medium__noise_low__T_300__density_medium__seed_009,skipped
gamma_medium__noise_low__T_300__density_medium__seed_010,skipped
gamma_medium__noise_low__T_300__density_medium__seed_011,skipped
gamma_medium__noise_low__T_300__density_medium__seed_012,skipped
gamma_medium__noise_low__T_300__density_medium__seed_013,skipped
gamma_medium__noise_low__T_300__density_medium__seed_014,skipped
gamma_medium__noise_low__T_300__density_medium__seed_015,skipped
gamma_medium__noise_low__T_300__density_dense__seed_001,skipped
gamma_medium__noise_low__T_300__density_dense__seed_002,skipped
gamma_medium__noise_low__T_300__density_dense__seed_003,skipped
gamma_medium__noise_low__T_300__density_dense__seed_004,skipped
gamma_medium__noise_low__T_300__density_dense__seed_005,skipped
gamma_medium__noise_low__T_300__density_dense__seed_006,skipped
gamma_medium__noise_low__T_300__density_dense__seed_007,skipped
gamma_medium__noise_low__T_300__density_dense__seed_008,skipped
gamma_medium__noise_low__T_300__density_dense__seed_009,skipped
gamma_medium__noise_low__T_300__density_dense__seed_010,skipped
gamma_medium__noise_low__T_300__density_dense__seed_011,skipped
gamma_medium__noise_low__T_300__density_dense__seed_012,skipped
gamma_medium__noise_low__T_300__density_dense__seed_013,skipped
gamma_medium__noise_low__T_300__density_dense__seed_014,skipped
gamma_medium__noise_low__T_300__density_dense__seed_015,skipped
gamma_medium__noise_medium__T_80__density_sparse__seed_001,skipped
gamma_medium__noise_medium__T_80__density_sparse__seed_002,skipped
gamma_medium__noise_medium__T_80__density_sparse__seed_003,skipped
gamma_medium__noise_medium__T_80__density_sparse__seed_004,skipped
gamma_medium__noise_medium__T_80__density_sparse__seed_005,skipped
gamma_medium__noise_medium__T_80__density_sparse__seed_006,skipped
gamma_medium__noise_medium__T_80__density_sparse__seed_007,skipped
gamma_medium__noise_medium__T_80__density_sparse__seed_008,skipped
gamma_medium__noise_medium__T_80__density_sparse__seed_009,skipped
gamma_medium__noise_medium__T_80__density_sparse__seed_010,skipped
gamma_medium__noise_medium__T_80__density_sparse__seed_011,skipped
gamma_medium__noise_medium__T_80__density_sparse__seed_012,skipped
gamma_medium__noise_medium__T_80__density_sparse__seed_013,skipped
gamma_medium__noise_medium__T_80__density_sparse__seed_014,skipped
gamma_medium__noise_medium__T_80__density_sparse__seed_015,skipped
gamma_medium__noise_medium__T_80__density_medium__seed_001,skipped
gamma_medium__noise_medium__T_80__density_medium__seed_002,skipped
gamma_medium__noise_medium__T_80__density_medium__seed_003,skipped
gamma_medium__noise_medium__T_80__density_medium__seed_004,skipped
gamma_medium__noise_medium__T_80__density_medium__seed_005,skipped
gamma_medium__noise_medium__T_80__density_medium__seed_006,skipped
gamma_medium__noise_medium__T_80__density_medium__seed_007,skipped
gamma_medium__noise_medium__T_80__density_medium__seed_008,skipped
gamma_medium__noise_medium__T_80__density_medium__seed_009,skipped
gamma_medium__noise_medium__T_80__density_medium__seed_010,skipped
gamma_medium__noise_medium__T_80__density_medium__seed_011,skipped
gamma_medium__noise_medium__T_80__density_medium__seed_012,skipped
gamma_medium__noise_medium__T_80__density_medium__seed_013,skipped
gamma_medium__noise_medium__T_80__density_medium__seed_014,skipped
gamma_medium__noise_medium__T_80__density_medium__seed_015,skipped
gamma_medium__noise_medium__T_80__density_dense__seed_001,skipped
gamma_medium__noise_medium__T_80__density_dense__seed_002,skipped
gamma_medium__noise_medium__T_80__density_dense__seed_003,skipped
gamma_medium__noise_medium__T_80__density_dense__seed_004,skipped
gamma_medium__noise_medium__T_80__density_dense__seed_005,skipped
gamma_medium__noise_medium__T_80__density_dense__seed_006,skipped
gamma_medium__noise_medium__T_80__density_dense__seed_007,skipped
gamma_medium__noise_medium__T_80__density_dense__seed_008,skipped
gamma_medium__noise_medium__T_80__density_dense__seed_009,skipped
gamma_medium__noise_medium__T_80__density_dense__seed_010,skipped
gamma_medium__noise_medium__T_80__density_dense__seed_011,skipped
gamma_medium__noise_medium__T_80__density_dense__seed_012,skipped
gamma_medium__noise_medium__T_80__density_dense__seed_013,skipped
gamma_medium__noise_medium__T_80__density_dense__seed_014,skipped
gamma_medium__noise_medium__T_80__density_dense__seed_015,skipped
gamma_medium__noise_medium__T_156__density_sparse__seed_001,skipped
gamma_medium__noise_medium__T_156__density_sparse__seed_002,skipped
gamma_medium__noise_medium__T_156__density_sparse__seed_003,skipped
gamma_medium__noise_medium__T_156__density_sparse__seed_004,skipped
gamma_medium__noise_medium__T_156__density_sparse__seed_005,skipped
gamma_medium__noise_medium__T_156__density_sparse__seed_006,skipped
gamma_medium__noise_medium__T_156__density_sparse__seed_007,skipped
gamma_medium__noise_medium__T_156__density_sparse__seed_008,skipped
gamma_medium__noise_medium__T_156__density_sparse__seed_009,skipped
gamma_medium__noise_medium__T_156__density_sparse__seed_010,skipped
gamma_medium__noise_medium__T_156__density_sparse__seed_011,skipped
gamma_medium__noise_medium__T_156__density_sparse__seed_012,skipped
gamma_medium__noise_medium__T_156__density_sparse__seed_013,skipped
gamma_medium__noise_medium__T_156__density_sparse__seed_014,skipped
gamma_medium__noise_medium__T_156__density_sparse__seed_015,skipped
gamma_medium__noise_medium__T_156__density_medium__seed_001,skipped
gamma_medium__noise_medium__T_156__density_medium__seed_002,skipped
gamma_medium__noise_medium__T_156__density_medium__seed_003,skipped
gamma_medium__noise_medium__T_156__density_medium__seed_004,skipped
gamma_medium__noise_medium__T_156__density_medium__seed_005,skipped
gamma_medium__noise_medium__T_156__density_medium__seed_006,skipped
gamma_medium__noise_medium__T_156__density_medium__seed_007,skipped
gamma_medium__noise_medium__T_156__density_medium__seed_008,skipped
gamma_medium__noise_medium__T_156__density_medium__seed_009,skipped
gamma_medium__noise_medium__T_156__density_medium__seed_010,skipped
gamma_medium__noise_medium__T_156__density_medium__seed_011,skipped
gamma_medium__noise_medium__T_156__density_medium__seed_012,skipped
gamma_medium__noise_medium__T_156__density_medium__seed_013,skipped
gamma_medium__noise_medium__T_156__density_medium__seed_014,skipped
gamma_medium__noise_medium__T_156__density_medium__seed_015,skipped
gamma_medium__noise_medium__T_156__density_dense__seed_001,skipped
gamma_medium__noise_medium__T_156__density_dense__seed_002,skipped
gamma_medium__noise_medium__T_156__density_dense__seed_003,skipped
gamma_medium__noise_medium__T_156__density_dense__seed_004,skipped
gamma_medium__noise_medium__T_156__density_dense__seed_005,skipped
gamma_medium__noise_medium__T_156__density_dense__seed_006,skipped
gamma_medium__noise_medium__T_156__density_dense__seed_007,skipped
gamma_medium__noise_medium__T_156__density_dense__seed_008,skipped
gamma_medium__noise_medium__T_156__density_dense__seed_009,skipped
gamma_medium__noise_medium__T_156__density_dense__seed_010,skipped
gamma_medium__noise_medium__T_156__density_dense__seed_011,skipped
gamma_medium__noise_medium__T_156__density_dense__seed_012,skipped
gamma_medium__noise_medium__T_156__density_dense__seed_013,skipped
gamma_medium__noise_medium__T_156__density_dense__seed_014,skipped
gamma_medium__noise_medium__T_156__density_dense__seed_015,skipped
gamma_medium__noise_medium__T_300__density_sparse__seed_001,skipped
gamma_medium__noise_medium__T_300__density_sparse__seed_002,skipped
gamma_medium__noise_medium__T_300__density_sparse__seed_003,skipped
gamma_medium__noise_medium__T_300__density_sparse__seed_004,skipped
gamma_medium__noise_medium__T_300__density_sparse__seed_005,skipped
gamma_medium__noise_medium__T_300__density_sparse__seed_006,skipped
gamma_medium__noise_medium__T_300__density_sparse__seed_007,skipped
gamma_medium__noise_medium__T_300__density_sparse__seed_008,skipped
gamma_medium__noise_medium__T_300__density_sparse__seed_009,skipped
gamma_medium__noise_medium__T_300__density_sparse__seed_010,skipped
gamma_medium__noise_medium__T_300__density_sparse__seed_011,skipped
gamma_medium__noise_medium__T_300__density_sparse__seed_012,skipped
gamma_medium__noise_medium__T_300__density_sparse__seed_013,skipped
gamma_medium__noise_medium__T_300__density_sparse__seed_014,skipped
gamma_medium__noise_medium__T_300__density_sparse__seed_015,skipped
gamma_medium__noise_medium__T_300__density_medium__seed_001,skipped
gamma_medium__noise_medium__T_300__density_medium__seed_002,skipped
gamma_medium__noise_medium__T_300__density_medium__seed_003,skipped
gamma_medium__noise_medium__T_300__density_medium__seed_004,skipped
gamma_medium__noise_medium__T_300__density_medium__seed_005,skipped
gamma_medium__noise_medium__T_300__density_medium__seed_006,skipped
gamma_medium__noise_medium__T_300__density_medium__seed_007,skipped
gamma_medium__noise_medium__T_300__density_medium__seed_008,skipped
gamma_medium__noise_medium__T_300__density_medium__seed_009,skipped
gamma_medium__noise_medium__T_300__density_medium__seed_010,skipped
gamma_medium__noise_medium__T_300__density_medium__seed_011,skipped
gamma_medium__noise_medium__T_300__density_medium__seed_012,skipped
gamma_medium__noise_medium__T_300__density_medium__seed_013,skipped
gamma_medium__noise_medium__T_300__density_medium__seed_014,skipped
gamma_medium__noise_medium__T_300__density_medium__seed_015,skipped
gamma_medium__noise_medium__T_300__density_dense__seed_001,skipped
gamma_medium__noise_medium__T_300__density_dense__seed_002,skipped
gamma_medium__noise_medium__T_300__density_dense__seed_003,skipped
gamma_medium__noise_medium__T_300__density_dense__seed_004,skipped
gamma_medium__noise_medium__T_300__density_dense__seed_005,skipped
gamma_medium__noise_medium__T_300__density_dense__seed_006,skipped
gamma_medium__noise_medium__T_300__density_dense__seed_007,skipped
gamma_medium__noise_medium__T_300__density_dense__seed_008,skipped
gamma_medium__noise_medium__T_300__density_dense__seed_009,skipped
gamma_medium__noise_medium__T_300__density_dense__seed_010,skipped
gamma_medium__noise_medium__T_300__density_dense__seed_011,skipped
gamma_medium__noise_medium__T_300__density_dense__seed_012,skipped
gamma_medium__noise_medium__T_300__density_dense__seed_013,skipped
gamma_medium__noise_medium__T_300__density_dense__seed_014,skipped
gamma_medium__noise_medium__T_300__density_dense__seed_015,skipped
gamma_medium__noise_high__T_80__density_sparse__seed_001,skipped
gamma_medium__noise_high__T_80__density_sparse__seed_002,skipped
gamma_medium__noise_high__T_80__density_sparse__seed_003,skipped
gamma_medium__noise_high__T_80__density_sparse__seed_004,skipped
gamma_medium__noise_high__T_80__density_sparse__seed_005,skipped
gamma_medium__noise_high__T_80__density_sparse__seed_006,skipped
gamma_medium__noise_high__T_80__density_sparse__seed_007,skipped
gamma_medium__noise_high__T_80__density_sparse__seed_008,skipped
gamma_medium__noise_high__T_80__density_sparse__seed_009,skipped
gamma_medium__noise_high__T_80__density_sparse__seed_010,skipped
gamma_medium__noise_high__T_80__density_sparse__seed_011,skipped
gamma_medium__noise_high__T_80__density_sparse__seed_012,skipped
gamma_medium__noise_high__T_80__density_sparse__seed_013,skipped
gamma_medium__noise_high__T_80__density_sparse__seed_014,skipped
gamma_medium__noise_high__T_80__density_sparse__seed_015,skipped
gamma_medium__noise_high__T_80__density_medium__seed_001,skipped
gamma_medium__noise_high__T_80__density_medium__seed_002,skipped
gamma_medium__noise_high__T_80__density_medium__seed_003,skipped
gamma_medium__noise_high__T_80__density_medium__seed_004,skipped
gamma_medium__noise_high__T_80__density_medium__seed_005,skipped
gamma_medium__noise_high__T_80__density_medium__seed_006,skipped
gamma_medium__noise_high__T_80__density_medium__seed_007,skipped
gamma_medium__noise_high__T_80__density_medium__seed_008,skipped
gamma_medium__noise_high__T_80__density_medium__seed_009,skipped
gamma_medium__noise_high__T_80__density_medium__seed_010,skipped
gamma_medium__noise_high__T_80__density_medium__seed_011,skipped
gamma_medium__noise_high__T_80__density_medium__seed_012,skipped
gamma_medium__noise_high__T_80__density_medium__seed_013,skipped
gamma_medium__noise_high__T_80__density_medium__seed_014,skipped
gamma_medium__noise_high__T_80__density_medium__seed_015,skipped
gamma_medium__noise_high__T_80__density_dense__seed_001,skipped
gamma_medium__noise_high__T_80__density_dense__seed_002,skipped
gamma_medium__noise_high__T_80__density_dense__seed_003,skipped
gamma_medium__noise_high__T_80__density_dense__seed_004,skipped
gamma_medium__noise_high__T_80__density_dense__seed_005,skipped
gamma_medium__noise_high__T_80__density_dense__seed_006,skipped
gamma_medium__noise_high__T_80__density_dense__seed_007,skipped
gamma_medium__noise_high__T_80__density_dense__seed_008,skipped
gamma_medium__noise_high__T_80__density_dense__seed_009,skipped
gamma_medium__noise_high__T_80__density_dense__seed_010,skipped
gamma_medium__noise_high__T_80__density_dense__seed_011,skipped
gamma_medium__noise_high__T_80__density_dense__seed_012,skipped
gamma_medium__noise_high__T_80__density_dense__seed_013,skipped
gamma_medium__noise_high__T_80__density_dense__seed_014,skipped
gamma_medium__noise_high__T_80__density_dense__seed_015,skipped
gamma_medium__noise_high__T_156__density_sparse__seed_001,skipped
gamma_medium__noise_high__T_156__density_sparse__seed_002,skipped
gamma_medium__noise_high__T_156__density_sparse__seed_003,skipped
gamma_medium__noise_high__T_156__density_sparse__seed_004,skipped
gamma_medium__noise_high__T_156__density_sparse__seed_005,skipped
gamma_medium__noise_high__T_156__density_sparse__seed_006,skipped
gamma_medium__noise_high__T_156__density_sparse__seed_007,skipped
gamma_medium__noise_high__T_156__density_sparse__seed_008,skipped
gamma_medium__noise_high__T_156__density_sparse__seed_009,skipped
gamma_medium__noise_high__T_156__density_sparse__seed_010,skipped
gamma_medium__noise_high__T_156__density_sparse__seed_011,skipped
gamma_medium__noise_high__T_156__density_sparse__seed_012,skipped
gamma_medium__noise_high__T_156__density_sparse__seed_013,skipped
gamma_medium__noise_high__T_156__density_sparse__seed_014,skipped
gamma_medium__noise_high__T_156__density_sparse__seed_015,skipped
gamma_medium__noise_high__T_156__density_medium__seed_001,skipped
gamma_medium__noise_high__T_156__density_medium__seed_002,skipped
gamma_medium__noise_high__T_156__density_medium__seed_003,skipped
gamma_medium__noise_high__T_156__density_medium__seed_004,skipped
gamma_medium__noise_high__T_156__density_medium__seed_005,skipped
gamma_medium__noise_high__T_156__density_medium__seed_006,skipped
gamma_medium__noise_high__T_156__density_medium__seed_007,skipped
gamma_medium__noise_high__T_156__density_medium__seed_008,skipped
gamma_medium__noise_high__T_156__density_medium__seed_009,skipped
gamma_medium__noise_high__T_156__density_medium__seed_010,skipped
gamma_medium__noise_high__T_156__density_medium__seed_011,skipped
gamma_medium__noise_high__T_156__density_medium__seed_012,skipped
gamma_medium__noise_high__T_156__density_medium__seed_013,skipped
gamma_medium__noise_high__T_156__density_medium__seed_014,skipped
gamma_medium__noise_high__T_156__density_medium__seed_015,skipped
gamma_medium__noise_high__T_156__density_dense__seed_001,skipped
gamma_medium__noise_high__T_156__density_dense__seed_002,skipped
gamma_medium__noise_high__T_156__density_dense__seed_003,skipped
gamma_medium__noise_high__T_156__density_dense__seed_004,skipped
gamma_medium__noise_high__T_156__density_dense__seed_005,skipped
gamma_medium__noise_high__T_156__density_dense__seed_006,skipped
gamma_medium__noise_high__T_156__density_dense__seed_007,skipped
gamma_medium__noise_high__T_156__density_dense__seed_008,skipped
gamma_medium__noise_high__T_156__density_dense__seed_009,skipped
gamma_medium__noise_high__T_156__density_dense__seed_010,skipped
gamma_medium__noise_high__T_156__density_dense__seed_011,skipped
gamma_medium__noise_high__T_156__density_dense__seed_012,skipped
gamma_medium__noise_high__T_156__density_dense__seed_013,skipped
gamma_medium__noise_high__T_156__density_dense__seed_014,skipped
gamma_medium__noise_high__T_156__density_dense__seed_015,skipped
gamma_medium__noise_high__T_300__density_sparse__seed_001,skipped
gamma_medium__noise_high__T_300__density_sparse__seed_002,skipped
gamma_medium__noise_high__T_300__density_sparse__seed_003,skipped
gamma_medium__noise_high__T_300__density_sparse__seed_004,skipped
gamma_medium__noise_high__T_300__density_sparse__seed_005,skipped
gamma_medium__noise_high__T_300__density_sparse__seed_006,skipped
gamma_medium__noise_high__T_300__density_sparse__seed_007,skipped
gamma_medium__noise_high__T_300__density_sparse__seed_008,skipped
gamma_medium__noise_high__T_300__density_sparse__seed_009,skipped
gamma_medium__noise_high__T_300__density_sparse__seed_010,skipped
gamma_medium__noise_high__T_300__density_sparse__seed_011,skipped
gamma_medium__noise_high__T_300__density_sparse__seed_012,skipped
gamma_medium__noise_high__T_300__density_sparse__seed_013,skipped
gamma_medium__noise_high__T_300__density_sparse__seed_014,skipped
gamma_medium__noise_high__T_300__density_sparse__seed_015,skipped
gamma_medium__noise_high__T_300__density_medium__seed_001,skipped
gamma_medium__noise_high__T_300__density_medium__seed_002,skipped
gamma_medium__noise_high__T_300__density_medium__seed_003,skipped
gamma_medium__noise_high__T_300__density_medium__seed_004,skipped
gamma_medium__noise_high__T_300__density_medium__seed_005,skipped
gamma_medium__noise_high__T_300__density_medium__seed_006,skipped
gamma_medium__noise_high__T_300__density_medium__seed_007,skipped
gamma_medium__noise_high__T_300__density_medium__seed_008,skipped
gamma_medium__noise_high__T_300__density_medium__seed_009,skipped
gamma_medium__noise_high__T_300__density_medium__seed_010,skipped
gamma_medium__noise_high__T_300__density_medium__seed_011,skipped
gamma_medium__noise_high__T_300__density_medium__seed_012,skipped
gamma_medium__noise_high__T_300__density_medium__seed_013,skipped
gamma_medium__noise_high__T_300__density_medium__seed_014,skipped
gamma_medium__noise_high__T_300__density_medium__seed_015,skipped
gamma_medium__noise_high__T_300__density_dense__seed_001,skipped
gamma_medium__noise_high__T_300__density_dense__seed_002,skipped
gamma_medium__noise_high__T_300__density_dense__seed_003,skipped
gamma_medium__noise_high__T_300__density_dense__seed_004,skipped
gamma_medium__noise_high__T_300__density_dense__seed_005,skipped
gamma_medium__noise_high__T_300__density_dense__seed_006,skipped
gamma_medium__noise_high__T_300__density_dense__seed_007,skipped
gamma_medium__noise_high__T_300__density_dense__seed_008,skipped
gamma_medium__noise_high__T_300__density_dense__seed_009,skipped
gamma_medium__noise_high__T_300__density_dense__seed_010,skipped
gamma_medium__noise_high__T_300__density_dense__seed_011,skipped
gamma_medium__noise_high__T_300__density_dense__seed_012,skipped
gamma_medium__noise_high__T_300__density_dense__seed_013,skipped
gamma_medium__noise_high__T_300__density_dense__seed_014,skipped
gamma_medium__noise_high__T_300__density_dense__seed_015,skipped
gamma_strong__noise_low__T_80__density_sparse__seed_001,skipped
gamma_strong__noise_low__T_80__density_sparse__seed_002,skipped
gamma_strong__noise_low__T_80__density_sparse__seed_003,skipped
gamma_strong__noise_low__T_80__density_sparse__seed_004,skipped
gamma_strong__noise_low__T_80__density_sparse__seed_005,skipped
gamma_strong__noise_low__T_80__density_sparse__seed_006,skipped
gamma_strong__noise_low__T_80__density_sparse__seed_007,skipped
gamma_strong__noise_low__T_80__density_sparse__seed_008,skipped
gamma_strong__noise_low__T_80__density_sparse__seed_009,skipped
gamma_strong__noise_low__T_80__density_sparse__seed_010,skipped
gamma_strong__noise_low__T_80__density_sparse__seed_011,skipped
gamma_strong__noise_low__T_80__density_sparse__seed_012,skipped
gamma_strong__noise_low__T_80__density_sparse__seed_013,skipped
gamma_strong__noise_low__T_80__density_sparse__seed_014,skipped
gamma_strong__noise_low__T_80__density_sparse__seed_015,skipped
gamma_strong__noise_low__T_80__density_medium__seed_001,skipped
gamma_strong__noise_low__T_80__density_medium__seed_002,skipped
gamma_strong__noise_low__T_80__density_medium__seed_003,skipped
gamma_strong__noise_low__T_80__density_medium__seed_004,skipped
gamma_strong__noise_low__T_80__density_medium__seed_005,skipped
gamma_strong__noise_low__T_80__density_medium__seed_006,skipped
gamma_strong__noise_low__T_80__density_medium__seed_007,skipped
gamma_strong__noise_low__T_80__density_medium__seed_008,skipped
gamma_strong__noise_low__T_80__density_medium__seed_009,skipped
gamma_strong__noise_low__T_80__density_medium__seed_010,skipped
gamma_strong__noise_low__T_80__density_medium__seed_011,skipped
gamma_strong__noise_low__T_80__density_medium__seed_012,skipped
gamma_strong__noise_low__T_80__density_medium__seed_013,skipped
gamma_strong__noise_low__T_80__density_medium__seed_014,skipped
gamma_strong__noise_low__T_80__density_medium__seed_015,skipped
gamma_strong__noise_low__T_80__density_dense__seed_001,skipped
gamma_strong__noise_low__T_80__density_dense__seed_002,skipped
gamma_strong__noise_low__T_80__density_dense__seed_003,skipped
gamma_strong__noise_low__T_80__density_dense__seed_004,skipped
gamma_strong__noise_low__T_80__density_dense__seed_005,skipped
gamma_strong__noise_low__T_80__density_dense__seed_006,skipped
gamma_strong__noise_low__T_80__density_dense__seed_007,skipped
gamma_strong__noise_low__T_80__density_dense__seed_008,skipped
gamma_strong__noise_low__T_80__density_dense__seed_009,skipped
gamma_strong__noise_low__T_80__density_dense__seed_010,skipped
gamma_strong__noise_low__T_80__density_dense__seed_011,skipped
gamma_strong__noise_low__T_80__density_dense__seed_012,skipped
gamma_strong__noise_low__T_80__density_dense__seed_013,skipped
gamma_strong__noise_low__T_80__density_dense__seed_014,skipped
gamma_strong__noise_low__T_80__density_dense__seed_015,skipped
gamma_strong__noise_low__T_156__density_sparse__seed_001,skipped
gamma_strong__noise_low__T_156__density_sparse__seed_002,skipped
gamma_strong__noise_low__T_156__density_sparse__seed_003,skipped
gamma_strong__noise_low__T_156__density_sparse__seed_004,skipped
gamma_strong__noise_low__T_156__density_sparse__seed_005,skipped
gamma_strong__noise_low__T_156__density_sparse__seed_006,skipped
gamma_strong__noise_low__T_156__density_sparse__seed_007,skipped
gamma_strong__noise_low__T_156__density_sparse__seed_008,skipped
gamma_strong__noise_low__T_156__density_sparse__seed_009,skipped
gamma_strong__noise_low__T_156__density_sparse__seed_010,skipped
gamma_strong__noise_low__T_156__density_sparse__seed_011,skipped
gamma_strong__noise_low__T_156__density_sparse__seed_012,skipped
gamma_strong__noise_low__T_156__density_sparse__seed_013,skipped
gamma_strong__noise_low__T_156__density_sparse__seed_014,skipped
gamma_strong__noise_low__T_156__density_sparse__seed_015,skipped
gamma_strong__noise_low__T_156__density_medium__seed_001,skipped
gamma_strong__noise_low__T_156__density_medium__seed_002,skipped
gamma_strong__noise_low__T_156__density_medium__seed_003,skipped
gamma_strong__noise_low__T_156__density_medium__seed_004,skipped
gamma_strong__noise_low__T_156__density_medium__seed_005,skipped
gamma_strong__noise_low__T_156__density_medium__seed_006,skipped
gamma_strong__noise_low__T_156__density_medium__seed_007,skipped
gamma_strong__noise_low__T_156__density_medium__seed_008,skipped
gamma_strong__noise_low__T_156__density_medium__seed_009,skipped
gamma_strong__noise_low__T_156__density_medium__seed_010,skipped
gamma_strong__noise_low__T_156__density_medium__seed_011,skipped
gamma_strong__noise_low__T_156__density_medium__seed_012,skipped
gamma_strong__noise_low__T_156__density_medium__seed_013,skipped
gamma_strong__noise_low__T_156__density_medium__seed_014,skipped
gamma_strong__noise_low__T_156__density_medium__seed_015,skipped
gamma_strong__noise_low__T_156__density_dense__seed_001,skipped
gamma_strong__noise_low__T_156__density_dense__seed_002,skipped
gamma_strong__noise_low__T_156__density_dense__seed_003,skipped
gamma_strong__noise_low__T_156__density_dense__seed_004,skipped
gamma_strong__noise_low__T_156__density_dense__seed_005,skipped
gamma_strong__noise_low__T_156__density_dense__seed_006,skipped
gamma_strong__noise_low__T_156__density_dense__seed_007,skipped
gamma_strong__noise_low__T_156__density_dense__seed_008,skipped
gamma_strong__noise_low__T_156__density_dense__seed_009,skipped
gamma_strong__noise_low__T_156__density_dense__seed_010,skipped
gamma_strong__noise_low__T_156__density_dense__seed_011,skipped
gamma_strong__noise_low__T_156__density_dense__seed_012,skipped
gamma_strong__noise_low__T_156__density_dense__seed_013,skipped
gamma_strong__noise_low__T_156__density_dense__seed_014,skipped
gamma_strong__noise_low__T_156__density_dense__seed_015,skipped
gamma_strong__noise_low__T_300__density_sparse__seed_001,skipped
gamma_strong__noise_low__T_300__density_sparse__seed_002,skipped
gamma_strong__noise_low__T_300__density_sparse__seed_003,skipped
gamma_strong__noise_low__T_300__density_sparse__seed_004,skipped
gamma_strong__noise_low__T_300__density_sparse__seed_005,skipped
gamma_strong__noise_low__T_300__density_sparse__seed_006,skipped
gamma_strong__noise_low__T_300__density_sparse__seed_007,skipped
gamma_strong__noise_low__T_300__density_sparse__seed_008,skipped
gamma_strong__noise_low__T_300__density_sparse__seed_009,skipped
gamma_strong__noise_low__T_300__density_sparse__seed_010,skipped
gamma_strong__noise_low__T_300__density_sparse__seed_011,skipped
gamma_strong__noise_low__T_300__density_sparse__seed_012,skipped
gamma_strong__noise_low__T_300__density_sparse__seed_013,skipped
gamma_strong__noise_low__T_300__density_sparse__seed_014,skipped
gamma_strong__noise_low__T_300__density_sparse__seed_015,skipped
gamma_strong__noise_low__T_300__density_medium__seed_001,skipped
gamma_strong__noise_low__T_300__density_medium__seed_002,skipped
gamma_strong__noise_low__T_300__density_medium__seed_003,skipped
gamma_strong__noise_low__T_300__density_medium__seed_004,skipped
gamma_strong__noise_low__T_300__density_medium__seed_005,skipped
gamma_strong__noise_low__T_300__density_medium__seed_006,skipped
gamma_strong__noise_low__T_300__density_medium__seed_007,skipped
gamma_strong__noise_low__T_300__density_medium__seed_008,skipped
gamma_strong__noise_low__T_300__density_medium__seed_009,skipped
gamma_strong__noise_low__T_300__density_medium__seed_010,skipped
gamma_strong__noise_low__T_300__density_medium__seed_011,skipped
gamma_strong__noise_low__T_300__density_medium__seed_012,skipped
gamma_strong__noise_low__T_300__density_medium__seed_013,skipped
gamma_strong__noise_low__T_300__density_medium__seed_014,skipped
gamma_strong__noise_low__T_300__density_medium__seed_015,skipped
gamma_strong__noise_low__T_300__density_dense__seed_001,skipped
gamma_strong__noise_low__T_300__density_dense__seed_002,skipped
gamma_strong__noise_low__T_300__density_dense__seed_003,skipped
gamma_strong__noise_low__T_300__density_dense__seed_004,skipped
gamma_strong__noise_low__T_300__density_dense__seed_005,skipped
gamma_strong__noise_low__T_300__density_dense__seed_006,skipped
gamma_strong__noise_low__T_300__density_dense__seed_007,skipped
gamma_strong__noise_low__T_300__density_dense__seed_008,skipped
gamma_strong__noise_low__T_300__density_dense__seed_009,skipped
gamma_strong__noise_low__T_300__density_dense__seed_010,skipped
gamma_strong__noise_low__T_300__density_dense__seed_011,skipped
gamma_strong__noise_low__T_300__density_dense__seed_012,skipped
gamma_strong__noise_low__T_300__density_dense__seed_013,skipped
gamma_strong__noise_low__T_300__density_dense__seed_014,skipped
gamma_strong__noise_low__T_300__density_dense__seed_015,skipped
gamma_strong__noise_medium__T_80__density_sparse__seed_001,skipped
gamma_strong__noise_medium__T_80__density_sparse__seed_002,skipped
gamma_strong__noise_medium__T_80__density_sparse__seed_003,skipped
gamma_strong__noise_medium__T_80__density_sparse__seed_004,skipped
gamma_strong__noise_medium__T_80__density_sparse__seed_005,skipped
gamma_strong__noise_medium__T_80__density_sparse__seed_006,skipped
gamma_strong__noise_medium__T_80__density_sparse__seed_007,skipped
gamma_strong__noise_medium__T_80__density_sparse__seed_008,skipped
gamma_strong__noise_medium__T_80__density_sparse__seed_009,skipped
gamma_strong__noise_medium__T_80__density_sparse__seed_010,skipped
gamma_strong__noise_medium__T_80__density_sparse__seed_011,skipped
gamma_strong__noise_medium__T_80__density_sparse__seed_012,skipped
gamma_strong__noise_medium__T_80__density_sparse__seed_013,skipped
gamma_strong__noise_medium__T_80__density_sparse__seed_014,skipped
gamma_strong__noise_medium__T_80__density_sparse__seed_015,skipped
gamma_strong__noise_medium__T_80__density_medium__seed_001,skipped
gamma_strong__noise_medium__T_80__density_medium__seed_002,skipped
gamma_strong__noise_medium__T_80__density_medium__seed_003,skipped
gamma_strong__noise_medium__T_80__density_medium__seed_004,skipped
gamma_strong__noise_medium__T_80__density_medium__seed_005,skipped
gamma_strong__noise_medium__T_80__density_medium__seed_006,skipped
gamma_strong__noise_medium__T_80__density_medium__seed_007,skipped
gamma_strong__noise_medium__T_80__density_medium__seed_008,skipped
gamma_strong__noise_medium__T_80__density_medium__seed_009,skipped
gamma_strong__noise_medium__T_80__density_medium__seed_010,skipped
gamma_strong__noise_medium__T_80__density_medium__seed_011,skipped
gamma_strong__noise_medium__T_80__density_medium__seed_012,skipped
gamma_strong__noise_medium__T_80__density_medium__seed_013,skipped
gamma_strong__noise_medium__T_80__density_medium__seed_014,skipped
gamma_strong__noise_medium__T_80__density_medium__seed_015,skipped
gamma_strong__noise_medium__T_80__density_dense__seed_001,skipped
gamma_strong__noise_medium__T_80__density_dense__seed_002,skipped
gamma_strong__noise_medium__T_80__density_dense__seed_003,skipped
gamma_strong__noise_medium__T_80__density_dense__seed_004,skipped
gamma_strong__noise_medium__T_80__density_dense__seed_005,skipped
gamma_strong__noise_medium__T_80__density_dense__seed_006,skipped
gamma_strong__noise_medium__T_80__density_dense__seed_007,skipped
gamma_strong__noise_medium__T_80__density_dense__seed_008,skipped
gamma_strong__noise_medium__T_80__density_dense__seed_009,skipped
gamma_strong__noise_medium__T_80__density_dense__seed_010,skipped
gamma_strong__noise_medium__T_80__density_dense__seed_011,skipped
gamma_strong__noise_medium__T_80__density_dense__seed_012,skipped
gamma_strong__noise_medium__T_80__density_dense__seed_013,skipped
gamma_strong__noise_medium__T_80__density_dense__seed_014,skipped
gamma_strong__noise_medium__T_80__density_dense__seed_015,skipped
gamma_strong__noise_medium__T_156__density_sparse__seed_001,skipped
gamma_strong__noise_medium__T_156__density_sparse__seed_002,skipped
gamma_strong__noise_medium__T_156__density_sparse__seed_003,skipped
gamma_strong__noise_medium__T_156__density_sparse__seed_004,skipped
gamma_strong__noise_medium__T_156__density_sparse__seed_005,skipped
gamma_strong__noise_medium__T_156__density_sparse__seed_006,skipped
gamma_strong__noise_medium__T_156__density_sparse__seed_007,skipped
gamma_strong__noise_medium__T_156__density_sparse__seed_008,skipped
gamma_strong__noise_medium__T_156__density_sparse__seed_009,skipped
gamma_strong__noise_medium__T_156__density_sparse__seed_010,skipped
gamma_strong__noise_medium__T_156__density_sparse__seed_011,skipped
gamma_strong__noise_medium__T_156__density_sparse__seed_012,skipped
gamma_strong__noise_medium__T_156__density_sparse__seed_013,skipped
gamma_strong__noise_medium__T_156__density_sparse__seed_014,skipped
gamma_strong__noise_medium__T_156__density_sparse__seed_015,skipped
gamma_strong__noise_medium__T_156__density_medium__seed_001,skipped
gamma_strong__noise_medium__T_156__density_medium__seed_002,skipped
gamma_strong__noise_medium__T_156__density_medium__seed_003,skipped
gamma_strong__noise_medium__T_156__density_medium__seed_004,skipped
gamma_strong__noise_medium__T_156__density_medium__seed_005,skipped
gamma_strong__noise_medium__T_156__density_medium__seed_006,skipped
gamma_strong__noise_medium__T_156__density_medium__seed_007,skipped
gamma_strong__noise_medium__T_156__density_medium__seed_008,skipped
gamma_strong__noise_medium__T_156__density_medium__seed_009,skipped
gamma_strong__noise_medium__T_156__density_medium__seed_010,skipped
gamma_strong__noise_medium__T_156__density_medium__seed_011,skipped
gamma_strong__noise_medium__T_156__density_medium__seed_012,skipped
gamma_strong__noise_medium__T_156__density_medium__seed_013,skipped
gamma_strong__noise_medium__T_156__density_medium__seed_014,skipped
gamma_strong__noise_medium__T_156__density_medium__seed_015,skipped
gamma_strong__noise_medium__T_156__density_dense__seed_001,skipped
gamma_strong__noise_medium__T_156__density_dense__seed_002,skipped
gamma_strong__noise_medium__T_156__density_dense__seed_003,skipped
gamma_strong__noise_medium__T_156__density_dense__seed_004,skipped
gamma_strong__noise_medium__T_156__density_dense__seed_005,skipped
gamma_strong__noise_medium__T_156__density_dense__seed_006,skipped
gamma_strong__noise_medium__T_156__density_dense__seed_007,skipped
gamma_strong__noise_medium__T_156__density_dense__seed_008,skipped
gamma_strong__noise_medium__T_156__density_dense__seed_009,skipped
gamma_strong__noise_medium__T_156__density_dense__seed_010,skipped
gamma_strong__noise_medium__T_156__density_dense__seed_011,skipped
gamma_strong__noise_medium__T_156__density_dense__seed_012,skipped
gamma_strong__noise_medium__T_156__density_dense__seed_013,skipped
gamma_strong__noise_medium__T_156__density_dense__seed_014,skipped
gamma_strong__noise_medium__T_156__density_dense__seed_015,skipped
gamma_strong__noise_medium__T_300__density_sparse__seed_001,skipped
gamma_strong__noise_medium__T_300__density_sparse__seed_002,skipped
gamma_strong__noise_medium__T_300__density_sparse__seed_003,skipped
gamma_strong__noise_medium__T_300__density_sparse__seed_004,skipped
gamma_strong__noise_medium__T_300__density_sparse__seed_005,skipped
gamma_strong__noise_medium__T_300__density_sparse__seed_006,skipped
gamma_strong__noise_medium__T_300__density_sparse__seed_007,skipped
gamma_strong__noise_medium__T_300__density_sparse__seed_008,skipped
gamma_strong__noise_medium__T_300__density_sparse__seed_009,skipped
gamma_strong__noise_medium__T_300__density_sparse__seed_010,skipped
gamma_strong__noise_medium__T_300__density_sparse__seed_011,skipped
gamma_strong__noise_medium__T_300__density_sparse__seed_012,skipped
gamma_strong__noise_medium__T_300__density_sparse__seed_013,skipped
gamma_strong__noise_medium__T_300__density_sparse__seed_014,skipped
gamma_strong__noise_medium__T_300__density_sparse__seed_015,skipped
gamma_strong__noise_medium__T_300__density_medium__seed_001,skipped
gamma_strong__noise_medium__T_300__density_medium__seed_002,skipped
gamma_strong__noise_medium__T_300__density_medium__seed_003,skipped
gamma_strong__noise_medium__T_300__density_medium__seed_004,skipped
gamma_strong__noise_medium__T_300__density_medium__seed_005,skipped
gamma_strong__noise_medium__T_300__density_medium__seed_006,skipped
gamma_strong__noise_medium__T_300__density_medium__seed_007,skipped
gamma_strong__noise_medium__T_300__density_medium__seed_008,skipped
gamma_strong__noise_medium__T_300__density_medium__seed_009,skipped
gamma_strong__noise_medium__T_300__density_medium__seed_010,skipped
gamma_strong__noise_medium__T_300__density_medium__seed_011,skipped
gamma_strong__noise_medium__T_300__density_medium__seed_012,skipped
gamma_strong__noise_medium__T_300__density_medium__seed_013,skipped
gamma_strong__noise_medium__T_300__density_medium__seed_014,skipped
gamma_strong__noise_medium__T_300__density_medium__seed_015,skipped
gamma_strong__noise_medium__T_300__density_dense__seed_001,skipped
gamma_strong__noise_medium__T_300__density_dense__seed_002,skipped
gamma_strong__noise_medium__T_300__density_dense__seed_003,skipped
gamma_strong__noise_medium__T_300__density_dense__seed_004,skipped
gamma_strong__noise_medium__T_300__density_dense__seed_005,skipped
gamma_strong__noise_medium__T_300__density_dense__seed_006,skipped
gamma_strong__noise_medium__T_300__density_dense__seed_007,skipped
gamma_strong__noise_medium__T_300__density_dense__seed_008,skipped
gamma_strong__noise_medium__T_300__density_dense__seed_009,skipped
gamma_strong__noise_medium__T_300__density_dense__seed_010,skipped
gamma_strong__noise_medium__T_300__density_dense__seed_011,skipped
gamma_strong__noise_medium__T_300__density_dense__seed_012,skipped
gamma_strong__noise_medium__T_300__density_dense__seed_013,skipped
gamma_strong__noise_medium__T_300__density_dense__seed_014,skipped
gamma_strong__noise_medium__T_300__density_dense__seed_015,skipped
gamma_strong__noise_high__T_80__density_sparse__seed_001,skipped
gamma_strong__noise_high__T_80__density_sparse__seed_002,skipped
gamma_strong__noise_high__T_80__density_sparse__seed_003,skipped
gamma_strong__noise_high__T_80__density_sparse__seed_004,skipped
gamma_strong__noise_high__T_80__density_sparse__seed_005,skipped
gamma_strong__noise_high__T_80__density_sparse__seed_006,skipped
gamma_strong__noise_high__T_80__density_sparse__seed_007,skipped
gamma_strong__noise_high__T_80__density_sparse__seed_008,skipped
gamma_strong__noise_high__T_80__density_sparse__seed_009,skipped
gamma_strong__noise_high__T_80__density_sparse__seed_010,skipped
gamma_strong__noise_high__T_80__density_sparse__seed_011,skipped
gamma_strong__noise_high__T_80__density_sparse__seed_012,skipped
gamma_strong__noise_high__T_80__density_sparse__seed_013,skipped
gamma_strong__noise_high__T_80__density_sparse__seed_014,skipped
gamma_strong__noise_high__T_80__density_sparse__seed_015,skipped
gamma_strong__noise_high__T_80__density_medium__seed_001,skipped
gamma_strong__noise_high__T_80__density_medium__seed_002,skipped
gamma_strong__noise_high__T_80__density_medium__seed_003,skipped
gamma_strong__noise_high__T_80__density_medium__seed_004,skipped
gamma_strong__noise_high__T_80__density_medium__seed_005,skipped
gamma_strong__noise_high__T_80__density_medium__seed_006,skipped
gamma_strong__noise_high__T_80__density_medium__seed_007,skipped
gamma_strong__noise_high__T_80__density_medium__seed_008,skipped
gamma_strong__noise_high__T_80__density_medium__seed_009,skipped
gamma_strong__noise_high__T_80__density_medium__seed_010,skipped
gamma_strong__noise_high__T_80__density_medium__seed_011,skipped
gamma_strong__noise_high__T_80__density_medium__seed_012,skipped
gamma_strong__noise_high__T_80__density_medium__seed_013,skipped
gamma_strong__noise_high__T_80__density_medium__seed_014,skipped
gamma_strong__noise_high__T_80__density_medium__seed_015,skipped
gamma_strong__noise_high__T_80__density_dense__seed_001,skipped
gamma_strong__noise_high__T_80__density_dense__seed_002,skipped
gamma_strong__noise_high__T_80__density_dense__seed_003,skipped
gamma_strong__noise_high__T_80__density_dense__seed_004,skipped
gamma_strong__noise_high__T_80__density_dense__seed_005,skipped
gamma_strong__noise_high__T_80__density_dense__seed_006,skipped
gamma_strong__noise_high__T_80__density_dense__seed_007,skipped
gamma_strong__noise_high__T_80__density_dense__seed_008,skipped
gamma_strong__noise_high__T_80__density_dense__seed_009,skipped
gamma_strong__noise_high__T_80__density_dense__seed_010,skipped
gamma_strong__noise_high__T_80__density_dense__seed_011,skipped
gamma_strong__noise_high__T_80__density_dense__seed_012,skipped
gamma_strong__noise_high__T_80__density_dense__seed_013,skipped
gamma_strong__noise_high__T_80__density_dense__seed_014,skipped
gamma_strong__noise_high__T_80__density_dense__seed_015,skipped
gamma_strong__noise_high__T_156__density_sparse__seed_001,skipped
gamma_strong__noise_high__T_156__density_sparse__seed_002,skipped
gamma_strong__noise_high__T_156__density_sparse__seed_003,skipped
gamma_strong__noise_high__T_156__density_sparse__seed_004,skipped
gamma_strong__noise_high__T_156__density_sparse__seed_005,skipped
gamma_strong__noise_high__T_156__density_sparse__seed_006,skipped
gamma_strong__noise_high__T_156__density_sparse__seed_007,skipped
gamma_strong__noise_high__T_156__density_sparse__seed_008,skipped
gamma_strong__noise_high__T_156__density_sparse__seed_009,skipped
gamma_strong__noise_high__T_156__density_sparse__seed_010,skipped
gamma_strong__noise_high__T_156__density_sparse__seed_011,skipped
gamma_strong__noise_high__T_156__density_sparse__seed_012,skipped
gamma_strong__noise_high__T_156__density_sparse__seed_013,skipped
gamma_strong__noise_high__T_156__density_sparse__seed_014,skipped
gamma_strong__noise_high__T_156__density_sparse__seed_015,skipped
gamma_strong__noise_high__T_156__density_medium__seed_001,skipped
gamma_strong__noise_high__T_156__density_medium__seed_002,skipped
gamma_strong__noise_high__T_156__density_medium__seed_003,skipped
gamma_strong__noise_high__T_156__density_medium__seed_004,skipped
gamma_strong__noise_high__T_156__density_medium__seed_005,skipped
gamma_strong__noise_high__T_156__density_medium__seed_006,skipped
gamma_strong__noise_high__T_156__density_medium__seed_007,skipped
gamma_strong__noise_high__T_156__density_medium__seed_008,skipped
gamma_strong__noise_high__T_156__density_medium__seed_009,skipped
gamma_strong__noise_high__T_156__density_medium__seed_010,skipped
gamma_strong__noise_high__T_156__density_medium__seed_011,skipped
gamma_strong__noise_high__T_156__density_medium__seed_012,skipped
gamma_strong__noise_high__T_156__density_medium__seed_013,skipped
gamma_strong__noise_high__T_156__density_medium__seed_014,skipped
gamma_strong__noise_high__T_156__density_medium__seed_015,skipped
gamma_strong__noise_high__T_156__density_dense__seed_001,skipped
gamma_strong__noise_high__T_156__density_dense__seed_002,skipped
gamma_strong__noise_high__T_156__density_dense__seed_003,skipped
gamma_strong__noise_high__T_156__density_dense__seed_004,skipped
gamma_strong__noise_high__T_156__density_dense__seed_005,skipped
gamma_strong__noise_high__T_156__density_dense__seed_006,skipped
gamma_strong__noise_high__T_156__density_dense__seed_007,skipped
gamma_strong__noise_high__T_156__density_dense__seed_008,skipped
gamma_strong__noise_high__T_156__density_dense__seed_009,skipped
gamma_strong__noise_high__T_156__density_dense__seed_010,skipped
gamma_strong__noise_high__T_156__density_dense__seed_011,skipped
gamma_strong__noise_high__T_156__density_dense__seed_012,skipped
gamma_strong__noise_high__T_156__density_dense__seed_013,skipped
gamma_strong__noise_high__T_156__density_dense__seed_014,skipped
gamma_strong__noise_high__T_156__density_dense__seed_015,skipped
gamma_strong__noise_high__T_300__density_sparse__seed_001,skipped
gamma_strong__noise_high__T_300__density_sparse__seed_002,skipped
gamma_strong__noise_high__T_300__density_sparse__seed_003,skipped
gamma_strong__noise_high__T_300__density_sparse__seed_004,skipped
gamma_strong__noise_high__T_300__density_sparse__seed_005,skipped
gamma_strong__noise_high__T_300__density_sparse__seed_006,skipped
gamma_strong__noise_high__T_300__density_sparse__seed_007,skipped
gamma_strong__noise_high__T_300__density_sparse__seed_008,skipped
gamma_strong__noise_high__T_300__density_sparse__seed_009,skipped
gamma_strong__noise_high__T_300__density_sparse__seed_010,skipped
gamma_strong__noise_high__T_300__density_sparse__seed_011,skipped
gamma_strong__noise_high__T_300__density_sparse__seed_012,skipped
gamma_strong__noise_high__T_300__density_sparse__seed_013,skipped
gamma_strong__noise_high__T_300__density_sparse__seed_014,skipped
gamma_strong__noise_high__T_300__density_sparse__seed_015,skipped
gamma_strong__noise_high__T_300__density_medium__seed_001,skipped
gamma_strong__noise_high__T_300__density_medium__seed_002,skipped
gamma_strong__noise_high__T_300__density_medium__seed_003,skipped
gamma_strong__noise_high__T_300__density_medium__seed_004,skipped
gamma_strong__noise_high__T_300__density_medium__seed_005,skipped
gamma_strong__noise_high__T_300__density_medium__seed_006,skipped
gamma_strong__noise_high__T_300__density_medium__seed_007,skipped
gamma_strong__noise_high__T_300__density_medium__seed_008,skipped
gamma_strong__noise_high__T_300__density_medium__seed_009,skipped
gamma_strong__noise_high__T_300__density_medium__seed_010,skipped
gamma_strong__noise_high__T_300__density_medium__seed_011,skipped
gamma_strong__noise_high__T_300__density_medium__seed_012,skipped
gamma_strong__noise_high__T_300__density_medium__seed_013,skipped
gamma_strong__noise_high__T_300__density_medium__seed_014,skipped
gamma_strong__noise_high__T_300__density_medium__seed_015,skipped
gamma_strong__noise_high__T_300__density_dense__seed_001,skipped
gamma_strong__noise_high__T_300__density_dense__seed_002,skipped
gamma_strong__noise_high__T_300__density_dense__seed_003,skipped
gamma_strong__noise_high__T_300__density_dense__seed_004,skipped
gamma_strong__noise_high__T_300__density_dense__seed_005,skipped
gamma_strong__noise_high__T_300__density_dense__seed_006,skipped
gamma_strong__noise_high__T_300__density_dense__seed_007,skipped
gamma_strong__noise_high__T_300__density_dense__seed_008,skipped
gamma_strong__noise_high__T_300__density_dense__seed_009,skipped
gamma_strong__noise_high__T_300__density_dense__seed_010,skipped
gamma_strong__noise_high__T_300__density_dense__seed_011,skipped
gamma_strong__noise_high__T_300__density_dense__seed_012,skipped
gamma_strong__noise_high__T_300__density_dense__seed_013,skipped
gamma_strong__noise_high__T_300__density_dense__seed_014,skipped
gamma_strong__noise_high__T_300__density_dense__seed_015,skipped
